,crit_r1,crit_r2,crit_r3,crit_r4,crit_r5,crit_r6,crit_r7,cont_r1,cont_r2,cont_r3,cont_r4,cont_r5,cont_r6,cont_r7,item_id
0,-52.95695877075195,-45.310150146484375,-59.29212951660156,-46.29461669921875,-60.942901611328125,-44.57049560546875,-58.57674026489258,-47.29353713989258,-55.88219451904297,-49.327301025390625,-52.9938850402832,-53.661598205566406,-67.02623748779297,-80.26280975341797,1_A_NP1_amb
1,-52.95695877075195,-45.310150146484375,-59.29212951660156,-59.09891891479492,-60.597049713134766,-44.47039031982422,-58.63785171508789,-47.132476806640625,-56.08924102783203,-49.294891357421875,-52.761375427246094,-54.972984313964844,-66.9459228515625,-79.84928894042969,1_A_NP1_un
2,-52.95695877075195,-45.310150146484375,-59.29212951660156,-46.29461669921875,-60.942901611328125,-44.57049560546875,-58.57674026489258,-47.29353713989258,-55.88219451904297,-46.41599655151367,-52.87981414794922,-53.60884094238281,-66.93779754638672,-80.22814178466797,1_A_NP2_amb
3,-52.95695877075195,-45.310150146484375,-59.29212951660156,-62.836265563964844,-60.64671325683594,-44.023868560791016,-58.64359664916992,-46.9922981262207,-56.04405975341797,-45.76706314086914,-52.368343353271484,-54.26231384277344,-66.89112091064453,-79.7762680053711,1_A_NP2_un
4,-47.00715637207031,-45.55854797363281,-60.76358413696289,-46.05326843261719,-60.78400421142578,-44.474876403808594,-58.53285217285156,-47.31372833251953,-55.86960983276367,-46.385536193847656,-53.044857025146484,-53.021724700927734,-66.83988189697266,-79.87660217285156,1_B_NP1_amb
5,-47.00715637207031,-45.55854797363281,-60.76358413696289,-64.42952728271484,-60.61681365966797,-44.432220458984375,-58.598899841308594,-47.15874099731445,-56.09916305541992,-46.529903411865234,-52.69159698486328,-53.84574890136719,-66.84066009521484,-79.58980560302734,1_B_NP1_un
6,-47.00715637207031,-45.55854797363281,-60.76358413696289,-46.05326843261719,-60.78400421142578,-44.474876403808594,-58.53285217285156,-47.31372833251953,-55.86960983276367,-50.90920639038086,-53.17121124267578,-53.39112854003906,-66.94146728515625,-80.09697723388672,1_B_NP2_amb
7,-47.00715637207031,-45.55854797363281,-60.76358413696289,-58.53764724731445,-60.39350128173828,-43.84620666503906,-58.47771453857422,-47.05963134765625,-55.929832458496094,-50.238861083984375,-52.882564544677734,-54.2493896484375,-66.86870574951172,-79.63500213623047,1_B_NP2_un
8,-52.79947280883789,-52.28076171875,-61.53282928466797,-48.034156799316406,-96.31879425048828,-50.01039505004883,-49.54602813720703,-42.182090759277344,-63.51471710205078,-51.71125411987305,-52.55782699584961,-73.52313995361328,-54.074806213378906,-50.668479919433594,2_A_NP1_amb
9,-52.79947280883789,-52.28076171875,-61.53282928466797,-63.63172912597656,-95.35830688476562,-49.31208038330078,-49.68632507324219,-42.09954071044922,-62.089908599853516,-50.708465576171875,-52.41741180419922,-73.43922424316406,-54.02477264404297,-50.45109558105469,2_A_NP1_un
10,-52.79947280883789,-52.28076171875,-61.53282928466797,-48.034156799316406,-96.31879425048828,-50.01039505004883,-49.54602813720703,-42.182090759277344,-63.51471710205078,-57.61450958251953,-53.463706970214844,-73.71936798095703,-53.812644958496094,-50.76488494873047,2_A_NP2_amb
11,-52.79947280883789,-52.28076171875,-61.53282928466797,-60.29167938232422,-95.66515350341797,-49.41729736328125,-49.58009719848633,-42.252647399902344,-61.86528015136719,-57.938453674316406,-52.974853515625,-73.79641723632812,-53.862892150878906,-50.4143180847168,2_A_NP2_un
12,-59.82433319091797,-51.66172790527344,-52.042022705078125,-48.067787170410156,-95.51693725585938,-49.7392463684082,-49.65557098388672,-42.09025573730469,-63.1277961730957,-52.777008056640625,-52.83699035644531,-73.81126403808594,-53.77593994140625,-50.556114196777344,2_B_NP1_amb
13,-59.82433319091797,-51.66172790527344,-52.042022705078125,-61.16913604736328,-95.05409240722656,-49.3818359375,-49.80358123779297,-42.20268249511719,-61.87156677246094,-53.210113525390625,-52.48953628540039,-73.77339935302734,-53.90162658691406,-50.34296417236328,2_B_NP1_un
14,-59.82433319091797,-51.66172790527344,-52.042022705078125,-48.067787170410156,-95.51693725585938,-49.7392463684082,-49.65557098388672,-42.09025573730469,-63.1277961730957,-52.29746627807617,-53.134971618652344,-73.56338500976562,-53.780033111572266,-50.764747619628906,2_B_NP2_amb
15,-59.82433319091797,-51.66172790527344,-52.042022705078125,-61.32698059082031,-94.82522583007812,-49.04917907714844,-49.50755310058594,-41.97972869873047,-61.476932525634766,-51.78789138793945,-52.8009147644043,-73.45610809326172,-53.871734619140625,-50.39779281616211,2_B_NP2_un
16,-45.81245422363281,-48.38866424560547,-42.239410400390625,-41.13212966918945,-43.17266082763672,-56.96455764770508,-46.450111389160156,-56.992225646972656,-36.92982482910156,-43.708499908447266,-49.64085006713867,-52.769134521484375,-67.93644714355469,-53.095458984375,3_A_NP1_amb
17,-45.81245422363281,-48.38866424560547,-42.239410400390625,-47.47473907470703,-43.24958801269531,-56.28944396972656,-46.568397521972656,-57.38053894042969,-36.608428955078125,-43.9043083190918,-49.49148941040039,-52.781578063964844,-68.22569274902344,-53.07158660888672,3_A_NP1_un
18,-45.81245422363281,-48.38866424560547,-42.239410400390625,-41.13212966918945,-43.17266082763672,-56.96455764770508,-46.450111389160156,-56.992225646972656,-37.15215301513672,-44.23998260498047,-50.6588134765625,-53.27461624145508,-68.34532928466797,-53.448890686035156,3_A_NP2_amb
19,-45.81245422363281,-48.38866424560547,-42.239410400390625,-46.65424346923828,-42.96281433105469,-57.4598274230957,-46.25999069213867,-56.471771240234375,-37.22849655151367,-44.300106048583984,-50.066192626953125,-53.129966735839844,-68.46786499023438,-53.26470947265625,3_A_NP2_un
20,-48.35722732543945,-48.102840423583984,-43.366844177246094,-41.13264465332031,-43.0523681640625,-57.13091278076172,-46.557647705078125,-57.01698303222656,-38.063602447509766,-44.26444625854492,-50.35498046875,-53.3243522644043,-68.60150146484375,-53.37150573730469,3_B_NP1_amb
21,-48.35722732543945,-48.102840423583984,-43.366844177246094,-47.368247985839844,-43.1119270324707,-57.52835464477539,-46.492515563964844,-56.76712417602539,-38.09211349487305,-44.59707260131836,-49.92167663574219,-53.13180160522461,-68.56804656982422,-53.188758850097656,3_B_NP1_un
22,-48.35722732543945,-48.102840423583984,-43.366844177246094,-41.13264465332031,-43.0523681640625,-57.13091278076172,-46.557647705078125,-57.01698303222656,-36.031219482421875,-43.574440002441406,-49.74440002441406,-52.938446044921875,-67.52816772460938,-53.109222412109375,3_B_NP2_amb
23,-48.35722732543945,-48.102840423583984,-43.366844177246094,-46.21775817871094,-43.311851501464844,-57.0684928894043,-46.71074676513672,-57.40884780883789,-35.85730743408203,-43.67717361450195,-49.60858154296875,-52.93164825439453,-67.78286743164062,-52.93982696533203,3_B_NP2_un
24,-57.958377838134766,-54.71107864379883,-59.03961181640625,-61.93134307861328,-60.65552520751953,-48.793365478515625,-49.55867004394531,-50.22456741333008,-47.13987350463867,-47.66602325439453,-53.01165771484375,-62.70098876953125,-62.715179443359375,-63.708839416503906,4_A_NP1_amb
25,-57.958377838134766,-54.71107864379883,-81.21424102783203,-63.0062255859375,-61.709197998046875,-48.768943786621094,-50.305091857910156,-50.3349609375,-48.773685455322266,-48.58799743652344,-55.68067932128906,-63.594703674316406,-63.80242156982422,-64.77810668945312,4_A_NP1_un
26,-57.958377838134766,-54.71107864379883,-59.03961181640625,-61.93134307861328,-60.65552520751953,-48.793365478515625,-49.55867004394531,-50.22456741333008,-66.08533477783203,-48.146087646484375,-54.28173065185547,-62.58856964111328,-63.49903869628906,-62.64258575439453,4_A_NP2_amb
27,-57.958377838134766,-54.71107864379883,-68.8946533203125,-62.43486022949219,-61.803192138671875,-48.767730712890625,-50.50609588623047,-50.43635559082031,-65.51947021484375,-49.149803161621094,-55.76853942871094,-63.11262130737305,-64.08692932128906,-63.18193054199219,4_A_NP2_un
28,-46.3810920715332,-53.706565856933594,-59.03520965576172,-61.93478012084961,-60.66191482543945,-48.45243835449219,-49.415313720703125,-50.239566802978516,-65.71699523925781,-47.98377990722656,-54.082176208496094,-62.775360107421875,-63.238826751708984,-62.971473693847656,4_B_NP1_amb
29,-46.3810920715332,-53.706565856933594,-67.60960388183594,-62.28180694580078,-61.3358154296875,-48.983848571777344,-50.37244415283203,-50.44635009765625,-66.80046081542969,-49.1666259765625,-55.739158630371094,-63.336021423339844,-64.00081634521484,-63.77500915527344,4_B_NP1_un
30,-46.3810920715332,-53.706565856933594,-59.03520965576172,-61.93478012084961,-60.66191482543945,-48.45243835449219,-49.415313720703125,-50.239566802978516,-46.88627624511719,-47.29454803466797,-52.51877975463867,-62.42361068725586,-62.736900329589844,-63.0720100402832,4_B_NP2_amb
31,-46.3810920715332,-53.706565856933594,-79.65040588378906,-62.439735412597656,-61.97479248046875,-48.636741638183594,-50.41947937011719,-50.41754913330078,-47.13631820678711,-47.97340774536133,-54.17752456665039,-63.11799621582031,-63.865081787109375,-64.67728424072266,4_B_NP2_un
32,-44.90686798095703,-51.48365783691406,-53.534751892089844,-63.41371154785156,-62.22637939453125,-47.70886993408203,-48.13192367553711,-44.1719970703125,-44.94945526123047,-49.9466438293457,-56.98754119873047,-64.82909393310547,-55.25138854980469,-46.11732864379883,5_A_NP1_amb
33,-44.90686798095703,-51.48365783691406,-56.95705032348633,-63.71186065673828,-62.73284149169922,-48.14691162109375,-48.26113510131836,-44.43171691894531,-45.635921478271484,-50.240386962890625,-57.77911376953125,-64.9991226196289,-55.5721435546875,-46.44783401489258,5_A_NP1_un
34,-44.90686798095703,-51.48365783691406,-53.534751892089844,-63.41371154785156,-62.22637939453125,-47.70886993408203,-48.13192367553711,-44.1719970703125,-43.975650787353516,-48.29064178466797,-56.39933395385742,-63.781368255615234,-55.002349853515625,-46.590370178222656,5_A_NP2_amb
35,-44.90686798095703,-51.48365783691406,-60.338321685791016,-63.62627410888672,-62.211524963378906,-47.79542541503906,-48.018409729003906,-44.241607666015625,-45.16143798828125,-48.686737060546875,-57.3486328125,-64.1323471069336,-55.343326568603516,-46.78490447998047,5_A_NP2_un
36,-44.595703125,-52.347190856933594,-53.97607421875,-64.12034606933594,-62.2130012512207,-47.902976989746094,-48.018402099609375,-44.21733093261719,-44.01307678222656,-48.347808837890625,-56.45264434814453,-64.13561248779297,-55.48359680175781,-46.78068542480469,5_B_NP1_amb
37,-44.595703125,-52.347190856933594,-60.144073486328125,-64.67036437988281,-62.86986541748047,-48.097740173339844,-48.46437072753906,-44.705116271972656,-45.393310546875,-48.96442413330078,-57.59174728393555,-64.27806854248047,-55.573211669921875,-47.03989791870117,5_B_NP1_un
38,-44.595703125,-52.347190856933594,-53.97607421875,-64.12034606933594,-62.2130012512207,-47.902976989746094,-48.018402099609375,-44.21733093261719,-44.18971633911133,-50.19500732421875,-56.39781951904297,-64.69229888916016,-55.435943603515625,-46.61266326904297,5_B_NP2_amb
39,-44.595703125,-52.347190856933594,-57.015254974365234,-64.11373901367188,-62.888282775878906,-48.34681701660156,-48.04296875,-44.35709762573242,-44.81403350830078,-50.35915756225586,-57.22517395019531,-64.93704223632812,-55.754356384277344,-46.920433044433594,5_B_NP2_un
40,-53.540191650390625,-60.50648880004883,-52.3373908996582,-58.400611877441406,-101.89958190917969,-50.243873596191406,-49.8892707824707,-49.21321105957031,-43.645965576171875,-55.948848724365234,-44.3084602355957,-56.57625961303711,-54.76087951660156,-49.827476501464844,6_A_NP1_amb
41,-53.540191650390625,-60.50648880004883,-52.3373908996582,-73.28242492675781,-102.16238403320312,-50.643707275390625,-50.24763488769531,-49.53660583496094,-43.728111267089844,-55.85102844238281,-43.09254455566406,-56.53759765625,-54.85926818847656,-49.886741638183594,6_A_NP1_un
42,-53.540191650390625,-60.50648880004883,-52.3373908996582,-58.400611877441406,-101.89958190917969,-50.243873596191406,-49.8892707824707,-49.21321105957031,-43.645965576171875,-55.948848724365234,-54.23505401611328,-56.115379333496094,-56.07612228393555,-49.91841125488281,6_A_NP2_amb
43,-53.540191650390625,-60.50648880004883,-52.3373908996582,-56.9031982421875,-101.9139404296875,-50.558135986328125,-50.01900863647461,-49.1137809753418,-43.98255157470703,-56.14091491699219,-53.345375061035156,-55.97257995605469,-55.935768127441406,-49.90515899658203,6_A_NP2_un
44,-53.874977111816406,-46.81615447998047,-52.17730712890625,-56.30226516723633,-102.0417709350586,-50.47633743286133,-49.85625457763672,-49.21664810180664,-43.729400634765625,-56.07661437988281,-54.43043899536133,-56.199581146240234,-55.617713928222656,-49.840362548828125,6_B_NP1_amb
45,-53.874977111816406,-46.81615447998047,-52.17730712890625,-57.451255798339844,-102.14486694335938,-50.57234191894531,-49.837547302246094,-49.08000183105469,-43.91571044921875,-56.20330810546875,-54.062408447265625,-56.185508728027344,-55.48102569580078,-49.806488037109375,6_B_NP1_un
46,-53.874977111816406,-46.81615447998047,-52.17730712890625,-56.30226516723633,-102.0417709350586,-50.47633743286133,-49.85625457763672,-49.21664810180664,-43.729400634765625,-56.07661437988281,-43.60652160644531,-56.3283805847168,-54.64567565917969,-49.73328399658203,6_B_NP2_amb
47,-53.874977111816406,-46.81615447998047,-52.17730712890625,-70.35189056396484,-102.42054748535156,-50.78710174560547,-50.25884246826172,-49.55805206298828,-43.97476577758789,-55.81262969970703,-42.468658447265625,-56.33002853393555,-54.62209701538086,-49.7433967590332,6_B_NP2_un
48,-47.81548309326172,-51.48919677734375,-45.11064147949219,-57.03759002685547,-71.57316589355469,-62.632957458496094,-44.64439392089844,-45.59107208251953,-56.507301330566406,-54.91320037841797,-59.068511962890625,-51.480369567871094,-69.44601440429688,-43.27626037597656,7_A_NP1_amb
49,-47.81548309326172,-51.48919677734375,-45.11064147949219,-84.88754272460938,-71.40080261230469,-64.25882720947266,-44.6433219909668,-45.05802536010742,-58.13556671142578,-55.110252380371094,-60.545257568359375,-52.147369384765625,-70.98106384277344,-44.341224670410156,7_A_NP1_un
50,-47.81548309326172,-51.48919677734375,-45.11064147949219,-57.03759002685547,-71.57316589355469,-62.632957458496094,-44.64439392089844,-45.59107208251953,-56.507301330566406,-70.83645629882812,-58.81294250488281,-52.37057876586914,-69.54304504394531,-43.81085968017578,7_A_NP2_amb
51,-47.81548309326172,-51.48919677734375,-45.11064147949219,-76.138671875,-71.21046447753906,-63.61824417114258,-45.52516555786133,-45.285926818847656,-57.6864013671875,-68.06964111328125,-59.60646057128906,-53.00971221923828,-71.7681884765625,-44.23339080810547,7_A_NP2_un
52,-48.26710510253906,-51.5049934387207,-45.44929122924805,-57.20213317871094,-71.85282897949219,-63.03367614746094,-44.701541900634766,-45.5380973815918,-56.656150817871094,-68.26268005371094,-58.85931396484375,-52.219085693359375,-69.6856689453125,-43.8095588684082,7_B_NP1_amb
53,-48.26710510253906,-51.5049934387207,-45.44929122924805,-75.55804443359375,-72.02317810058594,-63.96662139892578,-44.86825180053711,-45.29032897949219,-57.93146514892578,-67.275146484375,-59.930152893066406,-52.86277389526367,-71.49323272705078,-44.32781982421875,7_B_NP1_un
54,-48.26710510253906,-51.5049934387207,-45.44929122924805,-57.20213317871094,-71.85282897949219,-63.03367614746094,-44.701541900634766,-45.5380973815918,-56.656150817871094,-52.915313720703125,-59.596893310546875,-51.70624923706055,-69.7078628540039,-43.39218521118164,7_B_NP2_amb
55,-48.26710510253906,-51.5049934387207,-45.44929122924805,-83.70783996582031,-71.21482849121094,-64.16498565673828,-44.55746078491211,-44.508689880371094,-58.02616882324219,-53.376930236816406,-60.76315689086914,-52.07963943481445,-71.15777587890625,-44.314727783203125,7_B_NP2_un
56,-52.58425521850586,-101.58883666992188,-49.5077018737793,-52.69392395019531,-55.31871795654297,-65.56947326660156,-52.249637603759766,-57.34092712402344,-66.908447265625,-53.316593170166016,-61.45820617675781,-43.7391471862793,-56.3419189453125,-44.510581970214844,8_A_NP1_amb
57,-52.58425521850586,-101.58883666992188,-49.5077018737793,-119.5591049194336,-55.09717559814453,-65.71621704101562,-52.60954666137695,-56.79427719116211,-66.43893432617188,-52.59757614135742,-59.819541931152344,-44.010013580322266,-58.21345901489258,-44.755218505859375,8_A_NP1_un
58,-52.58425521850586,-101.58883666992188,-49.5077018737793,-52.69392395019531,-55.31871795654297,-65.56947326660156,-52.249637603759766,-57.34092712402344,-66.908447265625,-108.07064819335938,-59.07931900024414,-44.55580139160156,-57.36772918701172,-44.495262145996094,8_A_NP2_amb
59,-52.58425521850586,-101.58883666992188,-49.5077018737793,-63.99909210205078,-54.371177673339844,-65.11724090576172,-52.235801696777344,-56.605926513671875,-66.43663024902344,-108.59580993652344,-58.18126678466797,-44.46775817871094,-57.8705940246582,-44.348350524902344,8_A_NP2_un
60,-50.28401565551758,-47.37137985229492,-49.920528411865234,-53.1689338684082,-55.281803131103516,-65.73360443115234,-52.02214431762695,-57.241493225097656,-66.72595977783203,-109.10672760009766,-59.29552459716797,-44.945125579833984,-57.41539764404297,-44.48748779296875,8_B_NP1_amb
61,-50.28401565551758,-47.37137985229492,-49.920528411865234,-64.51649475097656,-54.378875732421875,-65.3116455078125,-51.830657958984375,-56.914955139160156,-66.59542846679688,-107.71504974365234,-58.80876159667969,-45.1885986328125,-58.00703430175781,-44.59954833984375,8_B_NP1_un
62,-50.28401565551758,-47.37137985229492,-49.920528411865234,-53.1689338684082,-55.281803131103516,-65.73360443115234,-52.02214431762695,-57.241493225097656,-66.72595977783203,-54.2653694152832,-61.43572235107422,-43.58528518676758,-56.1845588684082,-44.731285095214844,8_B_NP2_amb
63,-50.28401565551758,-47.37137985229492,-49.920528411865234,-125.34278106689453,-55.7755126953125,-66.09117889404297,-52.70443344116211,-56.90439224243164,-66.38911437988281,-54.951568603515625,-59.80559539794922,-43.73812484741211,-58.18158721923828,-44.862525939941406,8_B_NP2_un
64,-46.93669128417969,-47.586212158203125,-47.991703033447266,-44.28062438964844,-52.88762283325195,-56.46072769165039,-44.711368560791016,-54.14684295654297,-47.249000549316406,-61.298072814941406,-61.21001052856445,-56.73358154296875,-54.55177688598633,-58.57400131225586,9_A_NP1_amb
65,-46.93669128417969,-47.586212158203125,-47.991703033447266,-54.644866943359375,-52.45442581176758,-56.71907043457031,-44.98661422729492,-54.1168212890625,-48.867679595947266,-61.7213249206543,-61.33438491821289,-57.286598205566406,-55.20266342163086,-58.3865966796875,9_A_NP1_un
66,-46.93669128417969,-47.586212158203125,-47.991703033447266,-44.28062438964844,-52.88762283325195,-56.46072769165039,-44.711368560791016,-54.14684295654297,-43.47853088378906,-60.61363983154297,-61.12955093383789,-58.260589599609375,-54.77898406982422,-58.755035400390625,9_A_NP2_amb
67,-46.93669128417969,-47.586212158203125,-47.991703033447266,-55.07650375366211,-52.34303283691406,-56.610191345214844,-44.775630950927734,-54.03245544433594,-43.548057556152344,-60.42918395996094,-60.691551208496094,-58.13872528076172,-55.36744689941406,-58.47883224487305,9_A_NP2_un
68,-46.93669128417969,-47.06413650512695,-47.49601364135742,-44.25117111206055,-53.184364318847656,-56.452728271484375,-44.52912139892578,-54.16691207885742,-43.52403259277344,-60.98585891723633,-61.03478240966797,-57.62084197998047,-55.09017562866211,-59.009002685546875,9_B_NP1_amb
69,-46.93669128417969,-47.06413650512695,-47.49601364135742,-54.55101013183594,-52.59259033203125,-56.56110763549805,-44.62924575805664,-53.99828338623047,-44.278602600097656,-60.52864456176758,-60.95522689819336,-57.13135528564453,-55.696861267089844,-58.582176208496094,9_B_NP1_un
70,-46.93669128417969,-47.06413650512695,-47.49601364135742,-44.25117111206055,-53.184364318847656,-56.452728271484375,-44.52912139892578,-54.16691207885742,-47.27517318725586,-62.40332794189453,-60.94190979003906,-56.514835357666016,-54.981910705566406,-58.74763488769531,9_B_NP2_amb
71,-46.93669128417969,-47.06413650512695,-47.49601364135742,-54.006980895996094,-52.89659881591797,-56.72351837158203,-44.704078674316406,-54.10881042480469,-48.00261688232422,-62.15680694580078,-60.73542022705078,-56.78474044799805,-55.66236114501953,-58.60630798339844,9_B_NP2_un
72,-45.6662712097168,-43.864524841308594,-42.831363677978516,-59.898597717285156,-62.55162048339844,-63.47163391113281,-56.1759147644043,-60.50592803955078,-50.39821243286133,-75.16747283935547,-64.24519348144531,-46.17073059082031,-50.727272033691406,-51.520965576171875,10_A_NP1_amb
73,-45.6662712097168,-43.864524841308594,-46.709808349609375,-58.892127990722656,-62.136287689208984,-63.59718322753906,-56.49192810058594,-60.713539123535156,-50.44017791748047,-75.88540649414062,-63.0817985534668,-45.59415054321289,-51.08868408203125,-51.39331817626953,10_A_NP1_un
74,-45.6662712097168,-43.864524841308594,-42.831363677978516,-59.898597717285156,-62.55162048339844,-63.47163391113281,-56.1759147644043,-60.50592803955078,-45.59822463989258,-66.6278076171875,-61.37390899658203,-45.127586364746094,-50.39191818237305,-50.22148132324219,10_A_NP2_amb
75,-45.6662712097168,-43.864524841308594,-50.317413330078125,-60.746864318847656,-62.74603271484375,-64.27699279785156,-57.44483947753906,-61.001434326171875,-46.004974365234375,-67.54737854003906,-60.981422424316406,-44.12786102294922,-51.36000061035156,-50.21437454223633,10_A_NP2_un
76,-45.36675262451172,-44.04909896850586,-42.68757247924805,-59.925132751464844,-62.48146057128906,-62.98637390136719,-55.9322624206543,-59.94918441772461,-44.83851623535156,-66.63020324707031,-61.605384826660156,-44.8526611328125,-49.88822937011719,-49.929931640625,10_B_NP1_amb
77,-45.36675262451172,-44.04909896850586,-51.4097785949707,-60.89885711669922,-62.2645263671875,-63.433990478515625,-56.81122589111328,-60.58475875854492,-45.203590393066406,-67.21206665039062,-61.07658004760742,-43.990211486816406,-50.68846893310547,-49.976722717285156,10_B_NP1_un
78,-45.36675262451172,-44.04909896850586,-42.68757247924805,-59.925132751464844,-62.48146057128906,-62.98637390136719,-55.9322624206543,-59.94918441772461,-50.190521240234375,-74.95620727539062,-64.26787567138672,-45.92631530761719,-50.0673828125,-51.20198440551758,10_B_NP2_amb
79,-45.36675262451172,-44.04909896850586,-45.730587005615234,-59.31486892700195,-61.667320251464844,-62.93266677856445,-56.11736297607422,-60.0746955871582,-49.874534606933594,-75.43898010253906,-63.28240966796875,-45.39975357055664,-50.35773468017578,-51.04962921142578,10_B_NP2_un
80,-57.990760803222656,-46.39551544189453,-52.64222717285156,-69.55963134765625,-63.20722198486328,-59.217552185058594,-51.45722961425781,-58.105491638183594,-52.072242736816406,-73.25544738769531,-72.52862548828125,-52.12031173706055,-53.22791290283203,-58.793373107910156,11_A_NP1_amb
81,-57.990760803222656,-62.905426025390625,-54.48488235473633,-70.69921112060547,-63.16815185546875,-59.69232940673828,-51.626617431640625,-58.23243713378906,-51.97813415527344,-73.55559539794922,-72.418701171875,-52.46748352050781,-53.64270782470703,-58.888648986816406,11_A_NP1_un
82,-57.990760803222656,-46.39551544189453,-52.64222717285156,-69.55963134765625,-63.20722198486328,-59.217552185058594,-51.45722961425781,-58.105491638183594,-51.20797348022461,-73.56922912597656,-70.55524444580078,-52.92041778564453,-53.81610870361328,-58.376251220703125,11_A_NP2_amb
83,-57.990760803222656,-59.871185302734375,-53.121742248535156,-68.83248901367188,-63.72216796875,-59.359352111816406,-51.62146759033203,-58.12742233276367,-51.38579559326172,-73.81103515625,-70.84293365478516,-53.09150314331055,-54.1993408203125,-58.39956283569336,11_A_NP2_un
84,-57.40166473388672,-46.12086486816406,-52.47123718261719,-69.7739486694336,-63.141780853271484,-58.99498748779297,-51.28709411621094,-57.8116340637207,-50.931297302246094,-73.12122344970703,-69.90779113769531,-52.509071350097656,-53.80290222167969,-58.460086822509766,11_B_NP1_amb
85,-57.40166473388672,-62.88616180419922,-52.34686279296875,-68.00945281982422,-63.62940216064453,-59.234275817871094,-51.78560256958008,-57.87555694580078,-50.89270782470703,-73.47450256347656,-70.77889251708984,-52.909454345703125,-53.99268341064453,-58.440284729003906,11_B_NP1_un
86,-57.40166473388672,-46.12086486816406,-52.47123718261719,-69.7739486694336,-63.141780853271484,-58.99498748779297,-51.28709411621094,-57.8116340637207,-52.94269561767578,-71.88279724121094,-72.44499969482422,-51.622894287109375,-52.77571105957031,-58.5957145690918,11_B_NP2_amb
87,-57.40166473388672,-61.0869255065918,-53.41608428955078,-69.30315399169922,-63.483150482177734,-59.545066833496094,-51.68517303466797,-58.05392837524414,-53.414634704589844,-72.68829345703125,-72.24247741699219,-51.96051025390625,-53.42805480957031,-58.823448181152344,11_B_NP2_un
88,-41.84757614135742,-50.53557205200195,-49.12804412841797,-63.65464782714844,-69.25485229492188,-47.89529037475586,-45.78568649291992,-65.85171508789062,-52.29779052734375,-63.97321319580078,-106.11016082763672,-47.00950622558594,-54.23921203613281,-48.552066802978516,12_A_NP1_amb
89,-41.84757614135742,-50.53557205200195,-60.015357971191406,-65.23226165771484,-69.20689392089844,-47.22345733642578,-46.30220031738281,-66.10578155517578,-52.40041732788086,-64.77346801757812,-107.91446685791016,-46.99693298339844,-54.01752471923828,-47.90596008300781,12_A_NP1_un
90,-41.84757614135742,-50.53557205200195,-49.12804412841797,-63.65464782714844,-69.25485229492188,-47.89529037475586,-45.78568649291992,-65.85171508789062,-52.1888542175293,-64.56543731689453,-106.4723892211914,-48.774696350097656,-54.1817626953125,-49.14469909667969,12_A_NP2_amb
91,-41.84757614135742,-50.53557205200195,-58.99491882324219,-64.51353454589844,-69.18482208251953,-47.49070358276367,-46.23268508911133,-65.47271728515625,-51.76902770996094,-64.61797332763672,-108.13505554199219,-48.12274169921875,-53.79119110107422,-47.859188079833984,12_A_NP2_un
92,-42.23461151123047,-50.86284637451172,-49.97999954223633,-64.13328552246094,-68.94377136230469,-47.956424713134766,-45.80076599121094,-65.88880920410156,-51.35749053955078,-64.47904205322266,-105.91053771972656,-47.41997528076172,-54.220855712890625,-48.93347930908203,12_B_NP1_amb
93,-42.23461151123047,-50.86284637451172,-59.821533203125,-65.25892639160156,-68.75792694091797,-47.26902770996094,-46.279850006103516,-65.86783599853516,-51.19753646850586,-64.83879852294922,-107.82774353027344,-46.76983642578125,-53.890750885009766,-47.78764343261719,12_B_NP1_un
94,-42.23461151123047,-50.86284637451172,-49.97999954223633,-64.13328552246094,-68.94377136230469,-47.956424713134766,-45.80076599121094,-65.88880920410156,-52.79248046875,-64.45816040039062,-106.29359436035156,-47.15257263183594,-54.29315948486328,-48.76805877685547,12_B_NP2_amb
95,-42.23461151123047,-50.86284637451172,-60.075042724609375,-65.07962036132812,-68.92679595947266,-47.412803649902344,-46.46919250488281,-65.77523803710938,-52.66041564941406,-64.66078186035156,-107.68047332763672,-47.04856872558594,-53.960670471191406,-47.80070495605469,12_B_NP2_un
96,-52.90776824951172,-44.002262115478516,-47.59466552734375,-46.2271728515625,-51.73934555053711,-57.16686248779297,-43.80783462524414,-43.11652374267578,-56.02229309082031,-40.040863037109375,-46.153114318847656,-47.18360900878906,-68.27719116210938,-48.541656494140625,13_A_NP1_amb
97,-52.90776824951172,-44.002262115478516,-47.59466552734375,-54.83269500732422,-52.226593017578125,-57.02289581298828,-43.61192321777344,-42.79127502441406,-55.795013427734375,-39.57233428955078,-46.032527923583984,-47.04145050048828,-67.98037719726562,-48.70948028564453,13_A_NP1_un
98,-52.90776824951172,-44.002262115478516,-47.59466552734375,-46.2271728515625,-51.73934555053711,-57.16686248779297,-43.80783462524414,-43.11652374267578,-56.02229309082031,-36.626861572265625,-46.69355392456055,-48.55072021484375,-68.2213363647461,-48.00681686401367,13_A_NP2_amb
99,-52.90776824951172,-44.002262115478516,-47.59466552734375,-50.61385726928711,-51.904510498046875,-57.70308303833008,-43.746009826660156,-42.740562438964844,-55.3748779296875,-36.63884735107422,-47.140628814697266,-47.839378356933594,-67.84931182861328,-47.79969024658203,13_A_NP2_un
100,-44.66621780395508,-42.47676086425781,-50.26359176635742,-46.46623992919922,-51.944725036621094,-57.42341232299805,-43.91185760498047,-42.754119873046875,-56.31843566894531,-36.66019821166992,-46.71534729003906,-48.05806350708008,-68.08425903320312,-47.94001770019531,13_B_NP1_amb
101,-44.66621780395508,-42.47676086425781,-50.26359176635742,-50.945831298828125,-51.9032096862793,-58.037498474121094,-44.089752197265625,-42.92106246948242,-55.71135330200195,-36.58113098144531,-47.52794647216797,-47.84423065185547,-67.90735626220703,-47.848114013671875,13_B_NP1_un
102,-44.66621780395508,-42.47676086425781,-50.26359176635742,-46.46623992919922,-51.944725036621094,-57.42341232299805,-43.91185760498047,-42.754119873046875,-56.31843566894531,-39.837318420410156,-46.21855163574219,-48.081390380859375,-68.02056884765625,-48.616477966308594,13_B_NP2_amb
103,-44.66621780395508,-42.47676086425781,-50.26359176635742,-52.751625061035156,-52.26374816894531,-56.86048889160156,-43.517765045166016,-42.354095458984375,-55.51143264770508,-38.919918060302734,-45.64654541015625,-47.49208068847656,-67.77146911621094,-48.482879638671875,13_B_NP2_un
104,-57.25510787963867,-49.93231964111328,-51.220123291015625,-54.80024719238281,-94.79024505615234,-56.93564987182617,-45.288543701171875,-55.59975814819336,-48.465301513671875,-59.810035705566406,-55.75884246826172,-58.65011215209961,-48.75796890258789,-50.004066467285156,14_A_NP1_amb
105,-57.25510787963867,-49.93231964111328,-56.47806167602539,-53.0902214050293,-94.471435546875,-56.032264709472656,-45.99510192871094,-55.8914794921875,-48.496315002441406,-60.46643829345703,-56.485145568847656,-58.771453857421875,-48.953548431396484,-50.31406784057617,14_A_NP1_un
106,-57.25510787963867,-49.93231964111328,-51.220123291015625,-54.80024719238281,-94.79024505615234,-56.93564987182617,-45.288543701171875,-55.59975814819336,-48.465301513671875,-52.34868621826172,-55.59690856933594,-58.44078063964844,-48.764892578125,-50.06459045410156,14_A_NP2_amb
107,-57.25510787963867,-49.93231964111328,-64.78484344482422,-54.4931640625,-94.73441314697266,-56.17863464355469,-45.63615798950195,-55.90342712402344,-48.69203186035156,-52.00092697143555,-55.81563186645508,-58.81256866455078,-48.955448150634766,-50.402305603027344,14_A_NP2_un
108,-57.04096984863281,-61.12670135498047,-50.579071044921875,-54.07967758178711,-95.290771484375,-57.14470291137695,-45.16146469116211,-55.86992263793945,-48.36989212036133,-52.107757568359375,-55.43851089477539,-58.71552276611328,-48.72503662109375,-49.90155792236328,14_B_NP1_amb
109,-57.04096984863281,-61.12670135498047,-66.85786437988281,-54.38398742675781,-95.26686096191406,-56.172325134277344,-46.00787353515625,-56.44560623168945,-48.574493408203125,-52.404449462890625,-55.73554229736328,-59.10197067260742,-49.04401397705078,-50.356998443603516,14_B_NP1_un
110,-57.04096984863281,-61.12670135498047,-50.579071044921875,-54.07967758178711,-95.290771484375,-57.14470291137695,-45.16146469116211,-55.86992263793945,-48.36989212036133,-59.975154876708984,-56.14507293701172,-58.27509307861328,-48.708587646484375,-49.832427978515625,14_B_NP2_amb
111,-57.04096984863281,-61.12670135498047,-56.170562744140625,-52.61761474609375,-94.90108489990234,-56.36712646484375,-45.349998474121094,-55.91182327270508,-48.377586364746094,-60.05120849609375,-56.36565399169922,-58.3931884765625,-48.922149658203125,-50.083492279052734,14_B_NP2_un
112,-49.93325424194336,-45.007362365722656,-51.78564453125,-48.161231994628906,-59.55052947998047,-53.66070556640625,-44.713043212890625,-44.955413818359375,-60.510498046875,-42.92051696777344,-59.56480026245117,-46.48481750488281,-48.600807189941406,-88.80882263183594,15_A_NP1_amb
113,-49.93325424194336,-45.007362365722656,-51.78564453125,-53.73102569580078,-59.549560546875,-54.27187728881836,-45.396812438964844,-45.135292053222656,-60.47917938232422,-43.46208190917969,-60.00944900512695,-47.07658004760742,-48.813358306884766,-89.46257019042969,15_A_NP1_un
114,-49.93325424194336,-45.007362365722656,-51.78564453125,-48.161231994628906,-59.55052947998047,-53.66070556640625,-44.713043212890625,-44.955413818359375,-60.510498046875,-41.35160827636719,-60.56145477294922,-46.08647918701172,-48.1978759765625,-89.13397979736328,15_A_NP2_amb
115,-49.93325424194336,-45.007362365722656,-51.78564453125,-56.07098388671875,-59.82243728637695,-54.127410888671875,-45.19660949707031,-44.949562072753906,-60.392757415771484,-40.58395767211914,-60.6854248046875,-46.131561279296875,-47.936153411865234,-89.40418243408203,15_A_NP2_un
116,-50.0497932434082,-45.49015808105469,-51.47620391845703,-48.3961296081543,-59.27833557128906,-53.41905212402344,-44.39010238647461,-44.89801025390625,-60.42708206176758,-41.411441802978516,-59.95582580566406,-45.899078369140625,-47.938880920410156,-88.6036376953125,15_B_NP1_amb
117,-50.0497932434082,-45.49015808105469,-51.47620391845703,-56.52741241455078,-59.54191207885742,-53.91468048095703,-44.99176788330078,-44.9836540222168,-60.39341354370117,-41.06599426269531,-60.59081268310547,-46.20433044433594,-47.796504974365234,-88.96775817871094,15_B_NP1_un
118,-50.0497932434082,-45.49015808105469,-51.47620391845703,-48.3961296081543,-59.27833557128906,-53.41905212402344,-44.39010238647461,-44.89801025390625,-60.42708206176758,-43.1226806640625,-59.58638000488281,-46.715660095214844,-48.42296600341797,-88.76834106445312,15_B_NP2_amb
119,-50.0497932434082,-45.49015808105469,-51.47620391845703,-52.748165130615234,-59.14191436767578,-53.94145965576172,-44.67545700073242,-44.88336944580078,-60.18118667602539,-43.079219818115234,-59.985836029052734,-47.193416595458984,-48.51948165893555,-89.20000457763672,15_B_NP2_un
120,-43.93806457519531,-69.44528198242188,-73.96647644042969,-57.55262756347656,-60.03736877441406,-55.44150924682617,-65.31033325195312,-57.34684753417969,-58.442466735839844,-54.228729248046875,-57.906646728515625,-55.11194610595703,-59.90705490112305,-53.635536193847656,16_A_NP1_amb
121,-43.93806457519531,-69.44528198242188,-73.96647644042969,-68.46426391601562,-58.49808883666992,-55.32966232299805,-65.3267822265625,-57.715354919433594,-58.5958251953125,-52.9434814453125,-59.07369613647461,-55.03725051879883,-60.52521514892578,-53.5383415222168,16_A_NP1_un
122,-43.93806457519531,-69.44528198242188,-73.96647644042969,-57.55262756347656,-60.03736877441406,-55.44150924682617,-65.31033325195312,-57.34684753417969,-58.442466735839844,-52.102989196777344,-58.52344512939453,-55.17580795288086,-60.17481231689453,-53.59553527832031,16_A_NP2_amb
123,-43.93806457519531,-69.44528198242188,-73.96647644042969,-70.3567886352539,-58.58209991455078,-55.19477081298828,-65.10911560058594,-57.406944274902344,-58.20881652832031,-51.1681022644043,-59.23724365234375,-55.00416564941406,-60.9085693359375,-53.490196228027344,16_A_NP2_un
124,-43.87790298461914,-69.3316421508789,-73.22186279296875,-57.224674224853516,-59.740234375,-55.042152404785156,-65.34320831298828,-57.335243225097656,-58.44896697998047,-51.845619201660156,-58.46222686767578,-55.00865936279297,-60.17192840576172,-53.47654342651367,16_B_NP1_amb
125,-43.87790298461914,-69.3316421508789,-73.22186279296875,-73.6532974243164,-58.45255661010742,-55.434696197509766,-65.27008819580078,-57.7413444519043,-58.49189376831055,-50.9189453125,-59.34928894042969,-55.062339782714844,-60.74766159057617,-53.432125091552734,16_B_NP1_un
126,-43.87790298461914,-69.3316421508789,-73.22186279296875,-57.224674224853516,-59.740234375,-55.042152404785156,-65.34320831298828,-57.335243225097656,-58.44896697998047,-56.739437103271484,-58.40182876586914,-55.15214538574219,-59.6728401184082,-53.549842834472656,16_B_NP2_amb
127,-43.87790298461914,-69.3316421508789,-73.22186279296875,-68.701171875,-58.64914321899414,-54.780033111572266,-65.39849853515625,-57.41356658935547,-58.371307373046875,-55.06725311279297,-59.176536560058594,-54.98067855834961,-60.67366027832031,-53.61091232299805,16_B_NP2_un
128,-46.721893310546875,-66.26727294921875,-67.7799072265625,-46.13634490966797,-51.170448303222656,-45.14987564086914,-79.97628784179688,-59.07391357421875,-54.4002685546875,-44.393218994140625,-60.83820343017578,-54.478267669677734,-57.84576416015625,-41.57662582397461,17_A_NP1_amb
129,-46.721893310546875,-66.26727294921875,-67.7799072265625,-80.67829132080078,-51.42628860473633,-45.54207229614258,-79.25897979736328,-58.45124816894531,-54.529388427734375,-44.362083435058594,-59.981685638427734,-54.19317626953125,-57.129180908203125,-41.99224090576172,17_A_NP1_un
130,-46.721893310546875,-66.26727294921875,-67.7799072265625,-46.13634490966797,-51.170448303222656,-45.14987564086914,-79.97628784179688,-59.07391357421875,-54.4002685546875,-73.11312866210938,-58.93241882324219,-53.9188232421875,-57.53106689453125,-41.83660125732422,17_A_NP2_amb
131,-46.721893310546875,-66.26727294921875,-67.7799072265625,-53.129276275634766,-51.60285949707031,-45.09540557861328,-79.89031219482422,-59.13102340698242,-54.532615661621094,-73.59890747070312,-59.56011962890625,-54.081886291503906,-57.387264251708984,-42.19068908691406,17_A_NP2_un
132,-44.342811584472656,-35.63127899169922,-67.05892181396484,-46.83000183105469,-51.699092864990234,-45.5245475769043,-80.15105438232422,-59.154991149902344,-54.59101867675781,-72.94602966308594,-58.79924011230469,-54.19879150390625,-57.5512580871582,-41.83836364746094,17_B_NP1_amb
133,-44.342811584472656,-35.63127899169922,-67.05892181396484,-54.05925369262695,-51.76339340209961,-45.23636245727539,-79.9730224609375,-59.115657806396484,-54.61787414550781,-73.00210571289062,-59.521522521972656,-54.2578010559082,-57.407310485839844,-42.189544677734375,17_B_NP1_un
134,-44.342811584472656,-35.63127899169922,-67.05892181396484,-46.83000183105469,-51.699092864990234,-45.5245475769043,-80.15105438232422,-59.154991149902344,-54.59101867675781,-45.360042572021484,-59.812339782714844,-54.51921844482422,-57.65489959716797,-41.634639739990234,17_B_NP2_amb
135,-44.342811584472656,-35.63127899169922,-67.05892181396484,-78.61241149902344,-51.618309020996094,-45.66034698486328,-79.29116821289062,-58.645057678222656,-54.78285598754883,-45.2568244934082,-59.41651916503906,-54.3797721862793,-57.109161376953125,-42.0640754699707,17_B_NP2_un
136,-37.74810791015625,-43.752655029296875,-50.16810607910156,-71.74818420410156,-60.394317626953125,-50.68085861206055,-51.138938903808594,-59.97403335571289,-58.650047302246094,-44.249393463134766,-61.10980224609375,-69.57535552978516,-49.378509521484375,-37.903228759765625,18_A_NP1_amb
137,-37.74810791015625,-43.752655029296875,-57.156429290771484,-75.12281036376953,-59.72924041748047,-53.163055419921875,-50.961204528808594,-57.882450103759766,-58.80984878540039,-44.561737060546875,-66.23687744140625,-70.79290771484375,-49.57282638549805,-38.62469482421875,18_A_NP1_un
138,-37.74810791015625,-43.752655029296875,-50.16810607910156,-71.74818420410156,-60.394317626953125,-50.68085861206055,-51.138938903808594,-59.97403335571289,-47.74309539794922,-45.07628631591797,-61.907310485839844,-69.65862274169922,-48.63917922973633,-37.82705307006836,18_A_NP2_amb
139,-37.74810791015625,-43.752655029296875,-73.26792907714844,-75.80641174316406,-61.42375946044922,-51.82246017456055,-52.18526077270508,-58.21077346801758,-46.219058990478516,-45.409820556640625,-65.31902313232422,-69.90594482421875,-45.67973327636719,-39.02616882324219,18_A_NP2_un
140,-37.532047271728516,-43.50484848022461,-49.860267639160156,-71.69483947753906,-59.70751190185547,-51.041725158691406,-50.66360092163086,-59.998504638671875,-44.82264709472656,-44.62837219238281,-61.817222595214844,-69.71770477294922,-48.46775817871094,-37.887413024902344,18_B_NP1_amb
141,-37.532047271728516,-43.50484848022461,-75.49726104736328,-76.95742797851562,-61.07893371582031,-52.50117111206055,-52.47712707519531,-58.31003189086914,-44.20392990112305,-44.7684211730957,-65.28009033203125,-69.69664764404297,-46.10743713378906,-39.201934814453125,18_B_NP1_un
142,-37.532047271728516,-43.50484848022461,-49.860267639160156,-71.69483947753906,-59.70751190185547,-51.041725158691406,-50.66360092163086,-59.998504638671875,-59.99518966674805,-44.48876953125,-61.40433120727539,-68.8665771484375,-49.671241760253906,-37.99527359008789,18_B_NP2_amb
143,-37.532047271728516,-43.50484848022461,-55.37836837768555,-75.7336654663086,-59.62184143066406,-53.07108688354492,-50.67808151245117,-57.630516052246094,-59.779319763183594,-45.25538635253906,-67.12142944335938,-70.66917419433594,-49.83784103393555,-38.32389831542969,18_B_NP2_un
144,-48.44827651977539,-48.949432373046875,-38.8607177734375,-63.089019775390625,-59.800384521484375,-53.973060607910156,-54.52566909790039,-55.12786102294922,-55.52250671386719,-40.31713104248047,-58.241180419921875,-52.97382354736328,-57.71321105957031,-61.89884948730469,19_A_NP1_amb
145,-48.44827651977539,-45.565162658691406,-40.851043701171875,-64.41874694824219,-59.796756744384766,-53.93640899658203,-54.30073547363281,-55.52055358886719,-56.58448028564453,-39.584556579589844,-58.66370391845703,-53.08490753173828,-58.06720733642578,-62.54194641113281,19_A_NP1_un
146,-48.44827651977539,-48.949432373046875,-38.8607177734375,-63.089019775390625,-59.800384521484375,-53.973060607910156,-54.52566909790039,-55.12786102294922,-55.52250671386719,-39.20118713378906,-58.625762939453125,-52.54500961303711,-58.462947845458984,-61.9547233581543,19_A_NP2_amb
147,-48.44827651977539,-43.252925872802734,-40.21072769165039,-63.935150146484375,-60.009559631347656,-54.16282653808594,-54.23943328857422,-55.359886169433594,-55.89982604980469,-38.486900329589844,-58.62470245361328,-52.83879852294922,-58.31526565551758,-63.199119567871094,19_A_NP2_un
148,-48.320404052734375,-50.10045623779297,-39.904762268066406,-64.32695007324219,-59.76139831542969,-54.264591217041016,-54.29829025268555,-55.32501983642578,-55.75416564941406,-42.17127990722656,-58.85464096069336,-52.80516815185547,-58.12156677246094,-61.93482208251953,19_B_NP1_amb
149,-48.320404052734375,-43.519935607910156,-40.58087921142578,-64.41270446777344,-59.61940002441406,-54.23146438598633,-54.09714889526367,-55.53423309326172,-55.95127868652344,-41.752838134765625,-58.752017974853516,-53.10584259033203,-58.060157775878906,-62.995262145996094,19_B_NP1_un
150,-48.320404052734375,-50.10045623779297,-39.904762268066406,-64.32695007324219,-59.76139831542969,-54.264591217041016,-54.29829025268555,-55.32501983642578,-55.75416564941406,-38.86425018310547,-58.98273468017578,-52.972068786621094,-58.03779602050781,-61.45989990234375,19_B_NP2_amb
151,-48.320404052734375,-47.48514938354492,-41.835208892822266,-65.00897216796875,-60.03324890136719,-54.06378173828125,-54.05133056640625,-55.285282135009766,-56.312705993652344,-38.62977600097656,-59.00458526611328,-53.161231994628906,-57.88963317871094,-62.578914642333984,19_B_NP2_un
152,-45.014835357666016,-60.95269012451172,-47.578025817871094,-65.70711517333984,-60.959739685058594,-54.52995300292969,-47.38633728027344,-65.02214813232422,-43.156898498535156,-57.350738525390625,-60.744346618652344,-51.445621490478516,-49.15526580810547,-53.887760162353516,20_A_NP1_amb
153,-45.014835357666016,-60.95269012451172,-62.624656677246094,-62.899940490722656,-60.22762680053711,-54.339317321777344,-47.17139434814453,-65.53572082519531,-43.498046875,-58.53881072998047,-60.90092849731445,-51.52039337158203,-49.019718170166016,-54.84239959716797,20_A_NP1_un
154,-45.014835357666016,-60.95269012451172,-47.578025817871094,-65.70711517333984,-60.959739685058594,-54.52995300292969,-47.38633728027344,-65.02214813232422,-49.314537048339844,-55.18140411376953,-61.051937103271484,-51.28113555908203,-49.574615478515625,-54.62236022949219,20_A_NP2_amb
155,-45.014835357666016,-60.95269012451172,-50.108726501464844,-64.16940307617188,-60.233131408691406,-54.13984298706055,-47.414215087890625,-64.27207946777344,-49.23523712158203,-56.28755187988281,-61.12213897705078,-51.11054229736328,-49.14134216308594,-54.96009826660156,20_A_NP2_un
156,-45.57622528076172,-61.38683319091797,-47.74228286743164,-65.33329772949219,-60.286224365234375,-54.38410949707031,-47.698219299316406,-64.74089050292969,-49.53002166748047,-55.938167572021484,-61.43511962890625,-51.27120590209961,-49.35541915893555,-54.5916748046875,20_B_NP1_amb
157,-45.57622528076172,-61.38683319091797,-49.520118713378906,-65.48303985595703,-59.520286560058594,-54.06360626220703,-47.53848648071289,-64.78508758544922,-49.83332824707031,-56.79164123535156,-61.60478973388672,-50.82295227050781,-49.21647644042969,-55.018287658691406,20_B_NP1_un
158,-45.57622528076172,-61.38683319091797,-47.74228286743164,-65.33329772949219,-60.286224365234375,-54.38410949707031,-47.698219299316406,-64.74089050292969,-43.60760498046875,-57.60407638549805,-60.693458557128906,-51.243743896484375,-49.15583801269531,-54.2928352355957,20_B_NP2_amb
159,-45.57622528076172,-61.38683319091797,-62.37117004394531,-62.4345703125,-59.72069549560547,-54.08393096923828,-47.714324951171875,-65.1688232421875,-43.71842956542969,-58.8648796081543,-60.88716125488281,-51.33880615234375,-48.94657516479492,-55.1534309387207,20_B_NP2_un
160,-55.95315933227539,-44.112998962402344,-44.45289611816406,-54.96498107910156,-62.479923248291016,-53.163360595703125,-47.906551361083984,-56.6817626953125,-49.792903900146484,-32.381996154785156,-40.54126739501953,-46.5955696105957,-52.23900604248047,-57.33647155761719,21_A_NP1_amb
161,-55.95315933227539,-44.112998962402344,-64.73936462402344,-58.611572265625,-62.31160354614258,-53.28304672241211,-47.457054138183594,-56.896461486816406,-49.41633605957031,-32.16252136230469,-40.13745880126953,-47.25334548950195,-52.235321044921875,-56.88759231567383,21_A_NP1_un
162,-55.95315933227539,-44.112998962402344,-44.45289611816406,-54.96498107910156,-62.479923248291016,-53.163360595703125,-47.906551361083984,-56.6817626953125,-49.792903900146484,-61.5007438659668,-41.95793151855469,-47.05165100097656,-52.6082763671875,-57.32046890258789,21_A_NP2_amb
163,-55.95315933227539,-44.112998962402344,-40.60542297363281,-55.337303161621094,-61.489845275878906,-53.016632080078125,-47.88731384277344,-56.96112060546875,-49.36579895019531,-62.063758850097656,-42.10175323486328,-47.78245544433594,-52.6925163269043,-57.18300247192383,21_A_NP2_un
164,-40.691558837890625,-44.111778259277344,-44.40788650512695,-55.00491714477539,-62.6823844909668,-53.27168273925781,-47.81426239013672,-56.51348876953125,-50.08129119873047,-61.256263732910156,-41.749908447265625,-47.240631103515625,-52.66765594482422,-57.32200622558594,21_B_NP1_amb
165,-40.691558837890625,-44.111778259277344,-41.80792999267578,-56.26416015625,-62.01963424682617,-53.25465393066406,-47.875675201416016,-56.87677764892578,-49.80894088745117,-61.841468811035156,-41.952796936035156,-48.11006546020508,-52.90138626098633,-57.325706481933594,21_B_NP1_un
166,-40.691558837890625,-44.111778259277344,-44.40788650512695,-55.00491714477539,-62.6823844909668,-53.27168273925781,-47.81426239013672,-56.51348876953125,-50.08129119873047,-32.31267166137695,-41.45107650756836,-46.99200439453125,-52.29846954345703,-57.25563049316406,21_B_NP2_amb
167,-40.691558837890625,-44.111778259277344,-64.47826385498047,-58.616722106933594,-62.07063674926758,-53.1112060546875,-47.520938873291016,-56.59349060058594,-49.42919158935547,-32.153099060058594,-41.2620964050293,-47.772850036621094,-52.17979431152344,-56.815433502197266,21_B_NP2_un
168,-52.87904357910156,-49.40351104736328,-50.312705993652344,-56.13033676147461,-60.7091064453125,-45.823394775390625,-46.31681823730469,-43.097412109375,-53.15609359741211,-41.47583770751953,-50.074214935302734,-55.974952697753906,-60.017513275146484,-41.276763916015625,22_A_NP1_amb
169,-52.87904357910156,-49.40351104736328,-64.60328674316406,-56.68851089477539,-60.09292984008789,-46.2218132019043,-46.13043975830078,-43.843406677246094,-53.132606506347656,-41.440406799316406,-49.174198150634766,-54.90158462524414,-61.323509216308594,-40.86444091796875,22_A_NP1_un
170,-52.87904357910156,-49.40351104736328,-50.312705993652344,-56.13033676147461,-60.7091064453125,-45.823394775390625,-46.31681823730469,-43.097412109375,-53.15609359741211,-41.47583770751953,-46.576602935791016,-55.53850555419922,-59.957000732421875,-41.397193908691406,22_A_NP2_amb
171,-52.87904357910156,-49.40351104736328,-68.6934585571289,-55.86189651489258,-60.22751235961914,-46.17913818359375,-45.589664459228516,-43.622859954833984,-53.30865478515625,-39.826866149902344,-45.64594268798828,-54.265052795410156,-61.1673583984375,-40.87221145629883,22_A_NP2_un
172,-53.596405029296875,-55.646453857421875,-50.80839920043945,-56.58857727050781,-60.79670715332031,-45.68891143798828,-46.31959533691406,-42.52924728393555,-53.57884979248047,-41.53579330444336,-49.615962982177734,-55.56657409667969,-60.18074035644531,-41.581932067871094,22_B_NP1_amb
173,-53.596405029296875,-55.646453857421875,-69.37742614746094,-55.96561813354492,-60.07706832885742,-46.037254333496094,-45.753875732421875,-43.12027359008789,-53.72198486328125,-39.93136215209961,-48.277462005615234,-54.07603073120117,-61.39286804199219,-41.030208587646484,22_B_NP1_un
174,-53.596405029296875,-55.646453857421875,-50.80839920043945,-56.58857727050781,-60.79670715332031,-45.68891143798828,-46.31959533691406,-42.52924728393555,-53.57884979248047,-41.53579330444336,-49.376766204833984,-55.69401550292969,-59.99778747558594,-41.19347381591797,22_B_NP2_amb
175,-53.596405029296875,-55.646453857421875,-65.09323120117188,-56.648841857910156,-60.087894439697266,-46.18755340576172,-46.28761291503906,-43.8409309387207,-53.49754333496094,-41.51555633544922,-48.426780700683594,-54.87013626098633,-61.4444694519043,-40.909576416015625,22_B_NP2_un
176,-50.29912185668945,-47.912227630615234,-45.11269760131836,-48.22381591796875,-68.68392944335938,-45.34864807128906,-58.591156005859375,-59.77881622314453,-38.43477249145508,-51.147926330566406,-50.23998260498047,-50.89814376831055,-52.78057098388672,-50.28551483154297,23_A_NP1_amb
177,-50.29912185668945,-47.912227630615234,-49.8776741027832,-48.737335205078125,-68.5767593383789,-45.0814208984375,-58.99241638183594,-60.032344818115234,-38.3977165222168,-51.732086181640625,-50.80697250366211,-49.78266906738281,-52.6630973815918,-50.5314826965332,23_A_NP1_un
178,-50.29912185668945,-47.912227630615234,-45.11269760131836,-48.22381591796875,-68.68392944335938,-45.34864807128906,-58.591156005859375,-59.77881622314453,-40.23457336425781,-50.585365295410156,-49.542137145996094,-50.26870346069336,-52.608421325683594,-50.17759704589844,23_A_NP2_amb
179,-50.29912185668945,-47.912227630615234,-49.780609130859375,-48.512508392333984,-69.10100555419922,-44.87883758544922,-58.87017059326172,-59.885162353515625,-39.50358963012695,-51.05730438232422,-49.48725891113281,-50.47279739379883,-52.524818420410156,-50.598785400390625,23_A_NP2_un
180,-50.64616775512695,-45.080116271972656,-44.99222183227539,-48.207855224609375,-68.77291107177734,-45.33235549926758,-58.551509857177734,-59.97279739379883,-41.08216094970703,-50.64698791503906,-49.32472229003906,-50.50316619873047,-52.549224853515625,-50.13931655883789,23_B_NP1_amb
181,-50.64616775512695,-45.080116271972656,-50.57275390625,-49.095863342285156,-69.22909545898438,-45.29137420654297,-58.848175048828125,-60.501564025878906,-40.49942398071289,-51.18026351928711,-49.37503433227539,-50.96562576293945,-52.450016021728516,-50.66377258300781,23_B_NP1_un
182,-50.64616775512695,-45.080116271972656,-44.99222183227539,-48.207855224609375,-68.77291107177734,-45.33235549926758,-58.551509857177734,-59.97279739379883,-38.3017578125,-51.45681381225586,-50.82504653930664,-50.88007736206055,-52.82440185546875,-50.247459411621094,23_B_NP2_amb
183,-50.64616775512695,-45.080116271972656,-50.31306076049805,-48.643524169921875,-68.62562561035156,-44.86506652832031,-59.00107955932617,-59.86711883544922,-37.69561004638672,-51.79475784301758,-50.928871154785156,-50.93744659423828,-52.73141860961914,-50.467185974121094,23_B_NP2_un
184,-53.66304397583008,-52.128807067871094,-49.46028518676758,-48.420047760009766,-59.806060791015625,-42.16072082519531,-50.101829528808594,-62.392826080322266,-45.19700241088867,-56.75899124145508,-54.309783935546875,-58.69041442871094,-49.657981872558594,-45.082061767578125,24_A_NP1_amb
185,-53.66304397583008,-52.128807067871094,-49.46028518676758,-57.30891036987305,-59.938716888427734,-42.451751708984375,-50.071292877197266,-62.58662414550781,-45.2484130859375,-57.263885498046875,-54.50786590576172,-58.697853088378906,-49.609474182128906,-45.196311950683594,24_A_NP1_un
186,-53.66304397583008,-52.128807067871094,-49.46028518676758,-48.420047760009766,-59.806060791015625,-42.16072082519531,-50.101829528808594,-62.392826080322266,-47.63371658325195,-56.94137191772461,-54.23705291748047,-58.52863693237305,-49.908538818359375,-45.296016693115234,24_A_NP2_amb
187,-53.66304397583008,-52.128807067871094,-49.46028518676758,-55.4426383972168,-60.08961486816406,-42.286949157714844,-49.92259979248047,-63.193782806396484,-47.1572265625,-57.034122467041016,-54.49645233154297,-58.90959930419922,-49.85865783691406,-45.32975769042969,24_A_NP2_un
188,-53.642173767089844,-54.08804702758789,-47.77687454223633,-48.320068359375,-59.72043991088867,-42.15936279296875,-50.22102355957031,-62.70762634277344,-49.73942565917969,-56.812408447265625,-54.293121337890625,-58.682098388671875,-49.93024444580078,-45.41461181640625,24_B_NP1_amb
189,-53.642173767089844,-54.08804702758789,-47.77687454223633,-55.819637298583984,-59.998863220214844,-42.074684143066406,-49.98504638671875,-63.510643005371094,-50.19873046875,-56.901885986328125,-54.62714385986328,-58.9757080078125,-50.01686096191406,-45.3399543762207,24_B_NP1_un
190,-53.642173767089844,-54.08804702758789,-47.77687454223633,-48.320068359375,-59.72043991088867,-42.15936279296875,-50.22102355957031,-62.70762634277344,-44.93893814086914,-56.92869186401367,-54.13425827026367,-59.013206481933594,-49.71800994873047,-45.18817901611328,24_B_NP2_amb
191,-53.642173767089844,-54.08804702758789,-47.77687454223633,-57.4227294921875,-59.719398498535156,-42.38225555419922,-50.015625,-62.93157958984375,-44.905723571777344,-57.213233947753906,-54.09928894042969,-59.13703155517578,-49.639713287353516,-45.22624206542969,24_B_NP2_un
192,-41.56660079956055,-49.51466751098633,-54.11505126953125,-52.94398498535156,-68.6874008178711,-51.10270309448242,-58.82709503173828,-62.051719665527344,-45.31004333496094,-53.946632385253906,-54.241737365722656,-56.85874557495117,-54.94907760620117,-56.88334274291992,25_A_NP1_amb
193,-41.56660079956055,-49.51466751098633,-54.11505126953125,-60.65483856201172,-69.4704818725586,-51.88670349121094,-58.61288070678711,-62.71302032470703,-45.91477584838867,-54.70201873779297,-53.42508316040039,-56.235679626464844,-54.693321228027344,-56.40190887451172,25_A_NP1_un
194,-41.56660079956055,-49.51466751098633,-54.11505126953125,-52.94398498535156,-68.6874008178711,-51.10270309448242,-58.82709503173828,-62.051719665527344,-45.740814208984375,-54.14164733886719,-53.73458480834961,-56.03531265258789,-54.559574127197266,-57.130741119384766,25_A_NP2_amb
195,-41.56660079956055,-49.51466751098633,-54.11505126953125,-59.661338806152344,-69.64940643310547,-50.611778259277344,-58.28248596191406,-62.11726760864258,-46.00836944580078,-54.52430725097656,-53.122432708740234,-55.84250259399414,-54.364383697509766,-56.46061706542969,25_A_NP2_un
196,-44.97356414794922,-50.28068542480469,-53.97896957397461,-53.27142333984375,-69.11307525634766,-51.6695671081543,-59.02388000488281,-62.66044998168945,-44.957191467285156,-54.47358703613281,-54.24677276611328,-56.03101348876953,-54.60760498046875,-57.347808837890625,25_B_NP1_amb
197,-44.97356414794922,-50.28068542480469,-53.97896957397461,-61.59374237060547,-70.6722412109375,-51.69293212890625,-58.8766975402832,-62.84145736694336,-45.12269973754883,-54.872581481933594,-53.501922607421875,-55.888893127441406,-54.51398468017578,-56.71366500854492,25_B_NP1_un
198,-44.97356414794922,-50.28068542480469,-53.97896957397461,-53.27142333984375,-69.11307525634766,-51.6695671081543,-59.02388000488281,-62.66044998168945,-46.06529235839844,-54.676963806152344,-54.43126678466797,-56.806514739990234,-55.16215133666992,-57.142356872558594,25_B_NP2_amb
199,-44.97356414794922,-50.28068542480469,-53.97896957397461,-61.3831787109375,-69.9484634399414,-51.90082550048828,-58.58908462524414,-63.293243408203125,-46.244117736816406,-55.153656005859375,-53.76133346557617,-56.32642364501953,-54.821598052978516,-56.64079666137695,25_B_NP2_un
200,-52.063323974609375,-51.71175003051758,-55.87937927246094,-75.1286392211914,-63.748939514160156,-62.25331115722656,-54.015892028808594,-59.75667953491211,-57.640708923339844,-46.00434112548828,-83.38319396972656,-44.654197692871094,-64.94520568847656,-51.05060577392578,26_A_NP1_amb
201,-52.063323974609375,-51.71175003051758,-55.87937927246094,-85.4587631225586,-62.18374252319336,-62.324710845947266,-53.973304748535156,-59.71033477783203,-57.97389221191406,-45.51515579223633,-84.21961975097656,-43.79736328125,-64.64448547363281,-51.46159362792969,26_A_NP1_un
202,-52.063323974609375,-51.71175003051758,-55.87937927246094,-75.1286392211914,-63.748939514160156,-62.25331115722656,-54.015892028808594,-59.75667953491211,-57.640708923339844,-48.408050537109375,-84.01480102539062,-43.5497932434082,-65.30772399902344,-51.62487030029297,26_A_NP2_amb
203,-52.063323974609375,-51.71175003051758,-55.87937927246094,-83.99105072021484,-63.732994079589844,-61.73546600341797,-54.815372467041016,-59.890804290771484,-58.251190185546875,-48.26722717285156,-87.22636413574219,-43.001792907714844,-64.85358428955078,-51.65074920654297,26_A_NP2_un
204,-49.538429260253906,-51.459999084472656,-56.731937408447266,-76.87786102294922,-62.365020751953125,-61.41278076171875,-53.56608581542969,-59.78214645385742,-57.51430892944336,-47.891029357910156,-83.62614440917969,-43.798065185546875,-65.25373840332031,-51.688602447509766,26_B_NP1_amb
205,-49.538429260253906,-51.459999084472656,-56.731937408447266,-84.67867279052734,-63.022186279296875,-61.48657989501953,-54.690181732177734,-59.90553665161133,-58.29648971557617,-48.22502899169922,-87.59786224365234,-43.552879333496094,-65.1143798828125,-51.84214401245117,26_B_NP1_un
206,-49.538429260253906,-51.459999084472656,-56.731937408447266,-76.87786102294922,-62.365020751953125,-61.41278076171875,-53.56608581542969,-59.78214645385742,-57.51430892944336,-45.06941604614258,-83.03414916992188,-44.903934478759766,-65.14166259765625,-51.23017120361328,26_B_NP2_amb
207,-49.538429260253906,-51.459999084472656,-56.731937408447266,-83.50271606445312,-62.87361145019531,-61.418941497802734,-53.74284744262695,-59.72877502441406,-57.905792236328125,-44.76814270019531,-84.05896759033203,-44.957515716552734,-64.84752655029297,-51.417884826660156,26_B_NP2_un
208,-49.37944030761719,-56.7054557800293,-56.80621337890625,-54.25916290283203,-64.67744445800781,-69.57247924804688,-57.04001998901367,-47.575687408447266,-50.20808410644531,-72.30655670166016,-53.82830047607422,-54.04124450683594,-56.762237548828125,-63.08689880371094,27_A_NP1_amb
209,-49.37944030761719,-56.7054557800293,-60.1221923828125,-53.829864501953125,-63.899417877197266,-70.38993835449219,-56.79428482055664,-48.03243637084961,-49.97179412841797,-72.93331146240234,-56.06300354003906,-54.27092742919922,-56.87739562988281,-63.06656265258789,27_A_NP1_un
210,-49.37944030761719,-56.7054557800293,-56.80621337890625,-54.25916290283203,-64.67744445800781,-69.57247924804688,-57.04001998901367,-47.575687408447266,-49.03644943237305,-71.36033630371094,-52.74852752685547,-53.091590881347656,-56.26189422607422,-62.5328369140625,27_A_NP2_amb
211,-49.37944030761719,-56.7054557800293,-57.73670196533203,-54.762351989746094,-64.57473754882812,-70.35979461669922,-57.00386047363281,-48.02769470214844,-49.30927276611328,-71.71378326416016,-54.20991516113281,-53.71809387207031,-56.45638656616211,-62.61372375488281,27_A_NP2_un
212,-49.151710510253906,-56.61653137207031,-57.06593322753906,-54.145477294921875,-64.42605590820312,-69.74795532226562,-56.73488998413086,-47.70195007324219,-49.8681755065918,-71.26896667480469,-53.10197448730469,-53.52558135986328,-56.12860107421875,-62.64624786376953,27_B_NP1_amb
213,-49.151710510253906,-56.61653137207031,-59.01817321777344,-54.91244888305664,-63.84392166137695,-69.98863220214844,-56.84501647949219,-48.1414909362793,-49.417842864990234,-71.37118530273438,-54.681358337402344,-53.921470642089844,-56.307960510253906,-62.63999938964844,27_B_NP1_un
214,-49.151710510253906,-56.61653137207031,-57.06593322753906,-54.145477294921875,-64.42605590820312,-69.74795532226562,-56.73488998413086,-47.70195007324219,-49.82208251953125,-72.41255187988281,-53.386146545410156,-53.81138610839844,-56.68278503417969,-62.52818298339844,27_B_NP2_amb
215,-49.151710510253906,-56.61653137207031,-58.41608428955078,-54.17010498046875,-63.796630859375,-70.6780776977539,-56.33238983154297,-47.93336486816406,-49.782169342041016,-73.05408477783203,-55.35055160522461,-54.2259521484375,-56.77197265625,-62.510398864746094,27_B_NP2_un
216,-54.28851318359375,-47.698543548583984,-50.76679992675781,-47.185577392578125,-72.69052124023438,-54.967308044433594,-53.986698150634766,-60.82218933105469,-75.64075469970703,-58.917930603027344,-67.61885070800781,-55.931968688964844,-69.82583618164062,-59.84374237060547,28_A_NP1_amb
217,-54.28851318359375,-58.63805389404297,-51.66712188720703,-47.071598052978516,-72.5810317993164,-54.94102478027344,-54.00994110107422,-60.786800384521484,-75.9441909790039,-57.79637908935547,-66.75496673583984,-55.75438690185547,-70.1661605834961,-59.664451599121094,28_A_NP1_un
218,-54.28851318359375,-47.698543548583984,-50.76679992675781,-47.185577392578125,-72.69052124023438,-54.967308044433594,-53.986698150634766,-60.82218933105469,-75.64075469970703,-58.917930603027344,-43.585391998291016,-61.13711166381836,-70.50119018554688,-60.10761260986328,28_A_NP2_amb
219,-54.28851318359375,-74.23259735107422,-51.227256774902344,-47.56278991699219,-72.39257049560547,-54.97380447387695,-54.01313400268555,-61.08884811401367,-75.54561614990234,-58.116111755371094,-43.351688385009766,-56.32527542114258,-70.50334930419922,-59.853126525878906,28_A_NP2_un
220,-66.28535461425781,-47.12696838378906,-51.31169891357422,-47.16283416748047,-72.96322631835938,-54.899505615234375,-53.953575134277344,-60.79490280151367,-75.8948974609375,-58.455711364746094,-45.01473617553711,-57.63136291503906,-70.36502838134766,-60.33960723876953,28_B_NP1_amb
221,-66.28535461425781,-75.16967010498047,-51.09313201904297,-47.76008605957031,-72.547607421875,-55.02879333496094,-54.12684631347656,-61.413307189941406,-75.9153823852539,-58.12333297729492,-44.501853942871094,-56.402042388916016,-70.4593734741211,-60.027347564697266,28_B_NP1_un
222,-66.28535461425781,-47.12696838378906,-51.31169891357422,-47.16283416748047,-72.96322631835938,-54.899505615234375,-53.953575134277344,-60.79490280151367,-75.8948974609375,-58.455711364746094,-65.48939514160156,-55.81901550292969,-70.00711059570312,-60.01694107055664,28_B_NP2_amb
223,-66.28535461425781,-56.064334869384766,-52.321258544921875,-47.11943817138672,-72.72076416015625,-54.776145935058594,-54.02030563354492,-60.95933532714844,-75.96361541748047,-57.65204620361328,-65.66947937011719,-55.72983932495117,-70.04389190673828,-59.840240478515625,28_B_NP2_un
224,-52.30512237548828,-47.14796447753906,-58.3946647644043,-51.62336349487305,-62.98448944091797,-51.50276565551758,-68.62061309814453,-50.039520263671875,-53.537147521972656,-53.013771057128906,-54.49778366088867,-51.23628234863281,-53.28002166748047,-43.4642448425293,29_A_NP1_amb
225,-52.30512237548828,-47.14796447753906,-58.3946647644043,-59.62234878540039,-63.28279113769531,-51.221580505371094,-68.06751251220703,-50.17323303222656,-53.973087310791016,-52.820274353027344,-54.96159744262695,-51.71964645385742,-53.37065124511719,-43.656192779541016,29_A_NP1_un
226,-52.30512237548828,-47.14796447753906,-58.3946647644043,-51.62336349487305,-62.98448944091797,-51.50276565551758,-68.62061309814453,-50.039520263671875,-53.537147521972656,-46.21906661987305,-55.45540237426758,-51.52751541137695,-53.583946228027344,-43.76527404785156,29_A_NP2_amb
227,-52.30512237548828,-47.14796447753906,-58.3946647644043,-67.81362915039062,-62.87139892578125,-51.48495864868164,-68.14997100830078,-50.35471725463867,-53.50035095214844,-46.48637008666992,-58.373661041259766,-51.85893630981445,-53.971317291259766,-43.76242446899414,29_A_NP2_un
228,-59.780277252197266,-46.57157516479492,-58.34027099609375,-52.267921447753906,-62.59754943847656,-51.68763732910156,-68.12731170654297,-50.174015045166016,-54.41636657714844,-45.69447326660156,-54.109596252441406,-51.891517639160156,-53.58700180053711,-43.426185607910156,29_B_NP1_amb
229,-59.780277252197266,-46.57157516479492,-58.34027099609375,-67.74011993408203,-62.81937026977539,-52.00836181640625,-67.98680114746094,-50.92195129394531,-54.634666442871094,-46.063812255859375,-57.453678131103516,-52.32581329345703,-54.13594055175781,-43.473670959472656,29_B_NP1_un
230,-59.780277252197266,-46.57157516479492,-58.34027099609375,-52.267921447753906,-62.59754943847656,-51.68763732910156,-68.12731170654297,-50.174015045166016,-54.41636657714844,-53.56760787963867,-54.56471252441406,-51.74005126953125,-53.53211975097656,-43.31032943725586,29_B_NP2_amb
231,-59.780277252197266,-46.57157516479492,-58.34027099609375,-63.4708251953125,-63.13172149658203,-51.37181854248047,-68.05580139160156,-50.40840148925781,-54.5395622253418,-53.16835403442383,-54.973609924316406,-52.03504180908203,-53.42734146118164,-43.47331237792969,29_B_NP2_un
232,-47.82693862915039,-48.01707458496094,-56.18989181518555,-67.68865203857422,-87.74468231201172,-42.531394958496094,-40.297767639160156,-65.45553588867188,-41.76677703857422,-70.5967025756836,-59.1312255859375,-45.633548736572266,-64.69688415527344,-65.75386047363281,30_A_NP1_amb
233,-47.82693862915039,-48.01707458496094,-56.18989181518555,-75.58975219726562,-90.53893280029297,-42.96257781982422,-40.63259506225586,-66.22921752929688,-41.81742477416992,-75.02232360839844,-63.45408248901367,-45.94862747192383,-64.92916107177734,-66.26908874511719,30_A_NP1_un
234,-47.82693862915039,-48.01707458496094,-56.18989181518555,-67.68865203857422,-87.74468231201172,-42.531394958496094,-40.297767639160156,-65.45553588867188,-39.6900634765625,-72.9145736694336,-63.28662109375,-45.62028503417969,-64.36223602294922,-65.51904296875,30_A_NP2_amb
235,-47.82693862915039,-48.01707458496094,-56.18989181518555,-75.37178802490234,-88.43993377685547,-42.90998840332031,-40.72865295410156,-66.65397644042969,-39.569190979003906,-75.51188659667969,-64.70768737792969,-46.408226013183594,-64.70587158203125,-66.87938690185547,30_A_NP2_un
236,-42.59309005737305,-48.42695999145508,-56.403160095214844,-68.9365463256836,-88.88238525390625,-42.73811340332031,-40.2696533203125,-65.42576599121094,-40.41399383544922,-72.50704956054688,-62.65787887573242,-46.210716247558594,-64.94271087646484,-65.29513549804688,30_B_NP1_amb
237,-42.59309005737305,-48.42695999145508,-56.403160095214844,-77.2834701538086,-89.06646728515625,-43.16299057006836,-40.764400482177734,-66.76455688476562,-40.40772247314453,-75.30889129638672,-64.11302185058594,-46.82064437866211,-65.26878356933594,-66.47312927246094,30_B_NP1_un
238,-42.59309005737305,-48.42695999145508,-56.403160095214844,-68.9365463256836,-88.88238525390625,-42.73811340332031,-40.2696533203125,-65.42576599121094,-42.505550384521484,-70.84134674072266,-58.92612838745117,-44.954856872558594,-64.89779663085938,-65.75405883789062,30_B_NP2_amb
239,-42.59309005737305,-48.42695999145508,-56.403160095214844,-76.58857727050781,-91.27105712890625,-42.99284362792969,-40.682472229003906,-66.35567474365234,-42.410125732421875,-74.89132690429688,-62.83110427856445,-45.3824462890625,-65.20530700683594,-66.1115951538086,30_B_NP2_un
